JobTitle,Standard_Title,CompanyName,Location,Source_URL,role_volume,avg_salary_inr,skills_list,standard_date,fgm_score,skills_list_eval,skill_graph
Software Engineer,Software Engineer,Google,"Gurugram, Bengaluru","https://www.naukri.com/job-listings-software-engineer-university-graduate-2026-google-india-private-limited-gurugram-bengaluru-0-to-0-years-090725503859?src=jobsearchDesk&sid=17569873908751831&xp=1&px=1 , https://www.ambitionbox.com/salaries/google-salaries/software-engineer?experience=0&campaign=salaries_widget",102707,3790000.0,"['Unix', 'C++', 'Linux', 'Networking', 'Machine learning', 'System design', 'Distribution system', 'Android', 'Python']",2025-08-07 21:52:33.490587,0.4655921598801304,"['Unix', 'C++', 'Linux', 'Networking', 'Machine learning', 'System design', 'Distribution system', 'Android', 'Python']","{'Programming Languages': ['C++', 'Python'], 'Operating Systems': ['Unix', 'Linux', 'Android'], 'Key Concepts': ['System design', 'Networking', 'Machine learning'], 'Specialized Skills': ['Distribution system']}"
Software Engineer,Software Engineer,Hewlett Packard Enterprise (HPE),Bengaluru,"https://www.naukri.com/job-listings-graduate-software-engineer-hewlett-packard-enterprise-bengaluru-0-to-2-years-250825501486?src=jobsearchDesk&sid=17569873908751831&xp=7&px=1, https://www.ambitionbox.com/salaries/hewlett-packard-enterprise-salaries/software-engineer?campaign=CS_desig_table",102707,1350000.0,"['Computer science', 'Development Manager', 'Coding', 'Debugging', 'Cloud', 'Javascript', 'Data processing', 'Test cases', 'Python', 'System administration']",2025-08-30 21:52:33.490587,0.4655921598801304,"['Computer science', 'Development Manager', 'Coding', 'Debugging', 'Cloud', 'Javascript', 'Data processing', 'Test cases', 'Python', 'System administration']","{'Programming Languages': ['Javascript', 'Python'], 'Developer Tools': ['Debugging', 'Test cases'], 'Cloud Platforms': ['Cloud'], 'Key Concepts': ['Computer science', 'Data processing'], 'Specialized Skills': ['System administration', 'Development Manager'], 'Coding': ['Coding']}"
Software Engineer,Software Engineer,Coriolis Tech,Pune,https://www.naukri.com/job-listings-hiring-for-software-engineer-developer-programmer-coriolis-tech-pune-0-to-1-years-030925016682?src=cluster&sid=17569873908751831_2&xp=1&px=1,102707,450000.0,"['Github', 'Debugging', 'Software Development', 'Life Cycle', 'Cloud Computing', 'Software Engineering', 'Database Management System', 'Source Control Management', 'Problem Solving', 'Programming', 'Multitasking', 'SDLC', 'SQL', 'Strategic Thinking', 'Agile MethodologySoftware DevelopmentAlgebraAnalytical']",2025-09-05 21:52:33.490587,0.4655921598801304,"['Github', 'Debugging', 'Software Development', 'Life Cycle', 'Cloud Computing', 'Software Engineering', 'Database Management System', 'Source Control Management', 'Problem Solving', 'Programming', 'Multitasking', 'SDLC', 'SQL', 'Strategic Thinking', 'Agile MethodologySoftware DevelopmentAlgebraAnalytical']","{'Programming Languages': ['SQL'], 'Developer Tools': ['Github', 'Source Control Management'], 'Databases': ['Database Management System'], 'Key Concepts': ['Software Development', 'Software Engineering', 'Debugging', 'Problem Solving', 'Life Cycle', 'SDLC', 'Agile Methodology'], 'Cloud Platforms': ['Cloud Computing'], 'Soft Skills': ['Multitasking', 'Strategic Thinking'], 'Specialized Skills': ['Algebra', 'Analytical']}"
Software Developer,Software Developer,Tetcos,Bengaluru,https://www.naukri.com/job-listings-software-developer-tetcos-llp-bangalore-bengaluru-0-to-2-years-030925025245?src=sortby&sid=17569873908751831_12&xp=2&px=1&nignbevent_src=jobsearchDeskGNB,98619,485000.0,"['C#', 'Multi Treading', 'C Coding', 'Networking Protocols', 'Network Programming']",2025-09-05 21:52:33.490587,0.0076281882546689,"['C#', 'Multi Treading', 'C Coding', 'Networking Protocols', 'Network Programming']","{'Programming Languages': ['C#', 'C Coding'], 'Key Concepts': ['Multi Treading'], 'Specialized Skills': ['Networking Protocols', 'Network Programming']}"
Software Developer,Software Developer,Amazon,Chennai,"https://www.naukri.com/job-listings-software-development-engineer-amazon-development-centre-india-pvt-ltd-chennai-0-to-8-years-110625503512?src=cluster&sid=17569873908751831_17&xp=3&px=1&nignbevent_src=jobsearchDeskGNB, https://www.ambitionbox.com/salaries/amazon-salaries/software-engineer",98619,2710000.0,"['Unix', 'Computer science', 'Object oriented design', 'C++', 'Linux', 'Coding', 'Agile', 'Data structures', 'Perl', 'Internship']",2025-08-07 21:52:33.490587,0.0076281882546689,"['Unix', 'Computer science', 'Object oriented design', 'C++', 'Linux', 'Coding', 'Agile', 'Data structures', 'Perl', 'Internship']","{'Programming Languages': ['C++', 'Perl'], 'Key Concepts': ['Object oriented design', 'Data structures', 'Computer science'], 'Developer Tools': ['Unix', 'Linux'], 'Soft Skills': ['Agile'], 'Specialized Skills': ['Coding', 'Internship']}"
Software Developer,Software Developer,Nokia,Bengaluru,https://www.naukri.com/job-listings-software-development-engineer-nokia-solutions-and-networks-india-p-ltd-bengaluru-0-to-2-years-210825928193?src=cluster&sid=17569873908751831_19&xp=3&px=1&nignbevent_src=jobsearchDeskGNB,98619,844999.9999999999,"['c++', 'rtos', 'linux', 'debugging', 'software development', 'dsp', 'algorithms', 'css', 'software design', 'device drivers', 'computer engineering', 'sql', 'java', 'git', 'oops', 'json', 'html', 'mysql', 'software engineering', 'api', 'c#', 'asic', 'rest', 'python', 'otn', 'javascript', 'driving', '.net', 'sdk']",2025-08-23 21:52:33.490587,0.0076281882546689,"['c++', 'rtos', 'linux', 'debugging', 'software development', 'dsp', 'algorithms', 'css', 'software design', 'device drivers', 'computer engineering', 'sql', 'java', 'git', 'oops', 'json', 'html', 'mysql', 'software engineering', 'api', 'c#', 'asic', 'rest', 'python', 'otn', 'javascript', 'driving', '.net', 'sdk']","{'Programming Languages': ['c++', 'java', 'python', 'c#', 'javascript'], 'Frameworks & Libraries': ['.net', 'rest', 'json', 'css', 'html', 'sdk'], 'Databases': ['sql', 'mysql'], 'Developer Tools': ['git'], 'Key Concepts': ['algorithms', 'software design', 'software engineering', 'oops'], 'Specialized Skills': ['rtos', 'linux', 'debugging', 'dsp', 'device drivers', 'computer engineering', 'asic', 'otn'], 'Soft Skills': ['driving']}"
JavaScript front end developer,Frontend Developer,Avom Consultants,Bengaluru,https://www.naukri.com/job-listings-javascript-front-end-developer-avom-consultants-bengaluru-0-to-5-years-230825012952?src=jobsearchDesk&sid=17569873908751831_27&xp=1&px=1&nignbevent_src=jobsearchDeskGNB,38966,1700000.0,"['css', 'react js', 'Ember.Js', 'Rxjs', 'Backbone.Js', 'Vue.Js', 'react.js', 'Front End', 'UI', 'Typescript', 'Frontend Development', 'html', 'Web Development', 'Nestjs', 'angular js', 'Redux', 'JQuery', 'reactjs', 'Nuxtjs', 'angular.js', 'UI Development', 'Vuex', 'frontend developer', 'angularjs', 'Nextjs']",2025-08-30 21:52:33.490587,0.3441755927673274,"['css', 'react js', 'Ember.Js', 'Rxjs', 'Backbone.Js', 'Vue.Js', 'react.js', 'Front End', 'UI', 'Typescript', 'Frontend Development', 'html', 'Web Development', 'Nestjs', 'angular js', 'Redux', 'JQuery', 'reactjs', 'Nuxtjs', 'angular.js', 'UI Development', 'Vuex', 'frontend developer', 'angularjs', 'Nextjs']","{'Programming Languages': ['Typescript', 'html'], 'Frameworks & Libraries': ['react js', 'Ember.Js', 'Rxjs', 'Backbone.Js', 'Vue.Js', 'react.js', 'Redux', 'JQuery', 'reactjs', 'Nuxtjs', 'Vuex', 'Nextjs', 'angular js', 'angular.js', 'angularjs', 'Nestjs'], 'Key Concepts': ['UI', 'UI Development', 'css'], 'Specialized Skills': ['Front End', 'Frontend Development', 'Web Development', 'frontend developer']}"
Frontend Developer,Frontend Developer,All In One Consultancy,Nagpur,https://www.naukri.com/job-listings-front-end-developer-all-in-one-consultancy-nagpur-0-to-2-years-220825028714?src=cluster&sid=17569873908751831_30&xp=2&px=1&nignbevent_src=jobsearchDeskGNB,38966,362500.0,"['Frontend Development', 'Typescript', 'Javascript', 'HTML', 'React.Js']",2025-08-30 21:52:33.490587,0.3441755927673274,"['Frontend Development', 'Typescript', 'Javascript', 'HTML', 'React.Js']","{'Programming Languages': ['Typescript', 'Javascript'], 'Frameworks & Libraries': ['React.Js'], 'Specialized Skills': ['Frontend Development', 'HTML']}"
Frontend Developer,Frontend Developer,Nasiwak Services India Pvt Ltd,Bengaluru,https://www.naukri.com/job-listings-front-end-developer-nasiwak-services-india-pvt-ltd-bengaluru-0-to-5-years-060825023524?src=cluster&sid=17569873908751831_34&xp=18&px=1&nignbevent_src=jobsearchDeskGNB,38966,450000.0,"['Python', 'CSS', 'Javascript', 'HTML', 'React.Js']",2025-08-30 21:52:33.490587,0.3441755927673274,"['Python', 'CSS', 'Javascript', 'HTML', 'React.Js']","{'Programming Languages': ['Python', 'Javascript'], 'Frameworks & Libraries': ['React.Js'], 'Markup Languages': ['HTML', 'CSS']}"
Fullstack Web Developer (MERN/Django),FullStack Developer,Krishworks Technology And Research Labs,Bengaluru,https://www.naukri.com/job-listings-fullstack-web-developer-mern-django-krishworks-technology-and-research-labs-bangalore-bengaluru-0-to-2-years-130825032570?src=jobsearchDesk&sid=17569873908751831_35&xp=3&px=1&nignbevent_src=jobsearchDeskGNB,2270,600000.0,"['Mern Stack', 'coding', 'Mean Stack', 'Django', 'problem - solving techniques', 'Firebase', 'Javascript', 'Html', 'Css']",2025-08-16 21:52:33.490587,0.2893305255769062,"['Mern Stack', 'coding', 'Mean Stack', 'Django', 'problem - solving techniques', 'Firebase', 'Javascript', 'Html', 'Css']","{'Programming Languages': ['Javascript'], 'Frameworks & Libraries': ['React', 'Angular', 'Node.js', 'Express.js', 'Django'], 'Databases': ['Firebase', 'MongoDB'], 'Key Concepts': ['problem - solving techniques'], 'Frontend Technologies': ['Html', 'Css']}"
FullStack Developer,FullStack Developer,Morpheme Webnexus,Noida,https://www.naukri.com/job-listings-fullstack-developer-morpheme-webnexus-noida-0-to-1-years-040925014775?src=jobsearchDesk&sid=17569873908751831_36&xp=6&px=2&nignbevent_src=jobsearchDeskGNB,2270,212500.0,"['Langchain', 'Huggingface', 'MongoDB', 'React.Js', 'AWS', 'Artificial Intelligence', 'Postgresql', 'Redis', 'Node.Js', 'SQL', 'Rest', 'NoSQL', 'Dynamo Db', 'Nosql Databases']",2025-09-05 21:52:33.490587,0.2893305255769062,"['Langchain', 'Huggingface', 'MongoDB', 'React.Js', 'AWS', 'Artificial Intelligence', 'Postgresql', 'Redis', 'Node.Js', 'SQL', 'Rest', 'NoSQL', 'Dynamo Db', 'Nosql Databases']","{'Programming Languages': ['Node.Js', 'SQL'], 'Frameworks & Libraries': ['React.Js'], 'Databases': ['MongoDB', 'Postgresql', 'Redis', 'Dynamo Db', 'NoSQL', 'Nosql Databases'], 'Cloud Platforms': ['AWS'], 'Specialized Skills': ['Langchain', 'Huggingface', 'Rest'], 'Key Concepts': ['Artificial Intelligence']}"
Mern Full Stack Developer,FullStack Developer,Acciojob,"Hyderabad, Pune, Bengaluru",https://www.naukri.com/job-listings-mern-full-stack-developer-acciojob-hyderabad-pune-bengaluru-0-to-1-years-010925021798?src=cluster&sid=17569873908751831_37&xp=5&px=1&nignbevent_src=jobsearchDeskGNB,2270,800000.0,"['DSA', 'Javascript', 'Node.Js', 'React.Js', 'Expresjs']",2025-09-04 21:52:33.490587,0.2893305255769062,"['DSA', 'Javascript', 'Node.Js', 'React.Js', 'Expresjs']","{'Programming Languages': ['Javascript'], 'Frameworks & Libraries': ['React.Js', 'Node.Js', 'Expressjs'], 'Key Concepts': ['DSA']}"
Back-End Developer - Fresher,Backend Developer,ti Steps,"Hyderabad, Chennai, Bengaluru",https://www.naukri.com/job-listings-back-end-developer-fresher-ti-steps-hyderabad-chennai-bengaluru-0-to-2-years-280825010122?src=jobsearchDesk&sid=17569873908751831_39&xp=9&px=2&nignbevent_src=jobsearchDeskGNB,116536,350000.0,"['Backend', 'Restfull Api', 'Postgresql', 'MySQL', 'MongoDB', 'Node.Js']",2025-08-30 21:52:33.490587,0.2339806021827606,"['Backend', 'Restfull Api', 'Postgresql', 'MySQL', 'MongoDB', 'Node.Js']","{'Programming Languages': ['Node.Js'], 'Frameworks & Libraries': ['Restfull Api'], 'Databases': ['Postgresql', 'MySQL', 'MongoDB'], 'Key Concepts': ['Backend']}"
Data Analyst,Data Analyst,American Express,Gurugram,"https://www.naukri.com/job-listings-data-analyst-american-express-gurugram-0-to-5-years-280825012174?src=jobsearchDesk&sid=null&xp=1&px=1&nignbevent_src=jobsearchDeskGNB, https://www.glassdoor.co.in/Salary/American-Express-Data-Analyst-Salaries-E35_D_KO17,29.htm",2406,1745000.0000000002,"['Power Bi', 'Tableau', 'SQL', 'Python']",2025-08-30 21:52:33.490587,0.1652567139800622,"['Power Bi', 'Tableau', 'SQL', 'Python']","{'Programming Languages': ['Python'], 'Frameworks & Libraries': ['Power Bi', 'Tableau'], 'Databases': ['SQL']}"
Analytics - Data Analyst,Data Analyst,Deutsche Bank,Mumbai,"https://www.naukri.com/job-listings-analytics-data-analyst-deutsche-bank-ag-mumbai-0-to-0-years-080825931301?src=jobsearchDesk&sid=null&xp=5&px=1&nignbevent_src=jobsearchDeskGNB, https://www.ambitionbox.com/salaries/deutsche-bank-salaries/data-analyst",2406,725000.0,"['ms access', 'sql', 'vba', 'ssrs', 'ssis', 'python', 'sybase', 'data analysis', 'data analytics', 'data mining', 'business analytics', 'machine learning', 'data collection', 'sql server', 'analytics reporting', 'data quality', 'tableau', 'data science', 'predictive modeling', 'reporting tools']",2025-08-16 21:52:33.490587,0.1652567139800622,"['ms access', 'sql', 'vba', 'ssrs', 'ssis', 'python', 'sybase', 'data analysis', 'data analytics', 'data mining', 'business analytics', 'machine learning', 'data collection', 'sql server', 'analytics reporting', 'data quality', 'tableau', 'data science', 'predictive modeling', 'reporting tools']","{'Programming Languages': ['python', 'vba'], 'Frameworks & Libraries': ['ssrs', 'ssis', 'tableau'], 'Databases': ['ms access', 'sql', 'sybase', 'sql server'], 'Key Concepts': ['data analysis', 'data analytics', 'data mining', 'business analytics', 'data collection', 'data quality', 'predictive modeling'], 'Specialized Skills': ['analytics reporting', 'reporting tools', 'machine learning', 'data science']}"
Data Analyst,Data Analyst,Acciojob,Bengaluru,https://www.naukri.com/job-listings-data-analyst-acciojob-bengaluru-0-to-1-years-220825008017?src=cluster&sid=17569873908751831_50&xp=2&px=1&nignbevent_src=jobsearchDeskGNB,2406,700000.0,"['Aptitude', 'Excel', 'Power Bi', 'Problem Solving', 'SQL']",2025-08-23 21:52:33.490587,0.1652567139800622,"['Aptitude', 'Excel', 'Power Bi', 'Problem Solving', 'SQL']","{'Programming Languages': ['SQL'], 'Frameworks & Libraries': ['Power Bi'], 'Specialized Skills': ['Excel'], 'Key Concepts': ['Aptitude', 'Problem Solving']}"
Artificial Intelligence Developer,AI/ML Engineer,SmartDocs Business Solutions,Bengaluru,https://www.naukri.com/job-listings-artificial-intelligence-developer-smartdocs-business-solutions-hyderabad-0-to-5-years-260825013277?src=jobsearchDesk&sid=17570602931713585_1&xp=1&px=1&nignbevent_src=jobsearchDeskGNB,18105,1100000.0,"['SAS', 'ChemBerta', 'Artificial Intelligence', 'LLM', 'Machine Learning', 'Deep Learning']",2025-08-30 21:52:33.490587,0.2362544799238666,"['SAS', 'ChemBerta', 'Artificial Intelligence', 'LLM', 'Machine Learning', 'Deep Learning']","{'Key Concepts': ['Artificial Intelligence', 'Machine Learning', 'Deep Learning', 'LLM'], 'Specialized Skills': ['SAS', 'ChemBerta']}"
Artificial Intelligence Engineer,AI/ML Engineer,Gizmeon Technologies,Kochi,https://www.naukri.com/job-listings-artificial-intelligence-engineer-gizmeon-technologies-kochi-0-to-3-years-120825023463?src=jobsearchDesk&sid=17570602931713585_1&xp=9&px=1&nignbevent_src=jobsearchDeskGNB,18105,1000000.0,"['Tensorflow', 'Artificial Intelligence', 'Natural Language Processing', 'Machine Learning', 'Python', 'Pytorch', 'Scipy', 'Langchain', 'Pandas', 'Scikit-Learn', 'Numpy', 'SQL']",2025-08-16 21:52:33.490587,0.2362544799238666,"['Tensorflow', 'Artificial Intelligence', 'Natural Language Processing', 'Machine Learning', 'Python', 'Pytorch', 'Scipy', 'Langchain', 'Pandas', 'Scikit-Learn', 'Numpy', 'SQL']","{'Programming Languages': ['Python'], 'Frameworks & Libraries': ['Tensorflow', 'Pytorch', 'Scipy', 'Pandas', 'Scikit-Learn', 'Numpy', 'Langchain'], 'Databases': ['SQL'], 'Key Concepts': ['Artificial Intelligence', 'Machine Learning', 'Natural Language Processing']}"
AI/ML Engineer at Rely Healthtech,AI/ML Engineer,Rely Healthcare Technologies,Gurugram,https://www.naukri.com/job-listings-ai-ml-engineer-at-rely-healthtech-rely-healthcare-technologies-gurugram-0-to-4-years-050925023824?src=cluster&sid=17570602931713585_89&xp=2&px=2&nignbevent_src=jobsearchDeskGNB,18105,1025000.0,"['Deep Learning', 'Tensorflow', 'Object Detection', 'Cnn', 'Artificial Intelligence', 'Natural Language Processing', 'Neural Networks', 'Image Recognition', 'Machine Learning', 'Pytorch', 'Rnn', 'Opencv', 'Image Processing', 'Keras', 'Computer Vision', 'Python', 'OCR']",2025-09-05 21:52:33.490587,0.2362544799238666,"['Deep Learning', 'Tensorflow', 'Object Detection', 'Cnn', 'Artificial Intelligence', 'Natural Language Processing', 'Neural Networks', 'Image Recognition', 'Machine Learning', 'Pytorch', 'Rnn', 'Opencv', 'Image Processing', 'Keras', 'Computer Vision', 'Python', 'OCR']","{'Programming Languages': ['Python'], 'Frameworks & Libraries': ['Tensorflow', 'Pytorch', 'Keras', 'Opencv'], 'Key Concepts': ['Deep Learning', 'Artificial Intelligence', 'Machine Learning', 'Neural Networks', 'Natural Language Processing', 'Computer Vision'], 'Specialized Skills': ['Object Detection', 'Cnn', 'Rnn', 'Image Recognition', 'Image Processing', 'OCR']}"
DevOps Engineer,DevOps,Thyrocare,Bengaluru,https://www.naukri.com/job-listings-devops-engineer-thyrocare-bengaluru-0-to-3-years-130825003275?src=cluster&sid=17570602931713585_21&xp=7&px=1&nignbevent_src=jobsearchDeskGNB,633,950000.0,"['Cloud', 'Python', 'Kubernetes', 'Ci Cd Pipeline', 'Github', 'Ci/Cd', 'Security', 'Devops', 'Jenkins', 'Docker', 'Terraform', 'GCP', 'Ansible', 'Infrastructure', 'Microsoft Azure', 'Helm', 'AWS']",2025-08-16 21:52:33.490587,0.1188727127921653,"['Cloud', 'Python', 'Kubernetes', 'Ci Cd Pipeline', 'Github', 'Ci/Cd', 'Security', 'Devops', 'Jenkins', 'Docker', 'Terraform', 'GCP', 'Ansible', 'Infrastructure', 'Microsoft Azure', 'Helm', 'AWS']","{'Programming Languages': ['Python'], 'Frameworks & Libraries': ['Kubernetes', 'Docker', 'Terraform', 'Ansible', 'Helm'], 'Cloud Platforms': ['GCP', 'Microsoft Azure', 'AWS'], 'Developer Tools': ['Jenkins', 'Github'], 'Key Concepts': ['CI/CD Pipeline', 'Security', 'Devops', 'Infrastructure']}"
Associate Software Engineer II - DevOps,DevOps,Optum,Noida,https://www.naukri.com/job-listings-associate-software-engineer-ii-devops-optum-noida-0-to-3-years-280825024600?src=cluster&sid=17570602931713585_24&xp=10&px=2&nignbevent_src=jobsearchDeskGNB,633,1000000.0,"['Unix', 'Github', 'Devops', 'SQL']",2025-08-30 21:52:33.490587,0.1188727127921653,"['Unix', 'Github', 'Devops', 'SQL']","{'Developer Tools': ['Github'], 'Key Concepts': ['Devops'], 'Databases': ['SQL'], 'Operating Systems': ['Unix']}"
DevOps Engineer,DevOps,Serviam Manpower,Mumbai,https://www.naukri.com/job-listings-devops-engineer-serviam-manpower-mumbai-suburban-0-to-1-years-280825017082?src=cluster&sid=17570602931713585_26&xp=3&px=1&nignbevent_src=jobsearchDeskGNB,633,400000.0,"['Linux Administration', 'Linux', 'Aws Devops']",2025-08-30 21:52:33.490587,0.1188727127921653,"['Linux Administration', 'Linux', 'Aws Devops']","{'Cloud Platforms': ['Aws Devops'], 'Operating Systems': ['Linux', 'Linux Administration']}"
"Software Development, Testing, Se- curity Assessment and L1 support -",CyberSecurity Analyst,National Institute for Smart Government (NISG),Bengaluru,https://www.naukri.com/job-listings-software-development-testing-se-curity-assessment-and-l1-support-national-institute-for-smart-government-nisg-bengaluru-0-to-5-years-290825019207?src=cluster&sid=17570602931713585_31&xp=9&px=1&nignbevent_src=jobsearchDeskGNB,1090,1000000.0,"['Software Development', 'Security Assessment', 'Testing']",2025-08-31 21:52:33.490587,0.2899811691335777,"['Software Development', 'Security Assessment', 'Testing']","{'Specialized Skills': ['Security Assessment', 'Testing'], 'Key Concepts': ['Software Development']}"
Business Analyst,Business Analyst,JPMorgan Chase Bank,Bengaluru,"https://www.naukri.com/job-listings-business-analyst-jp-morgan-chase-bengaluru-0-to-3-years-020925502861?src=jobsearchDesk&sid=17570602931713585_41&xp=2&px=1&nignbevent_src=jobsearchDeskGNB , https://www.ambitionbox.com/salaries/jpmorgan-chase-and-co-dot-salaries/business-analyst",1083,1480000.0,"['Excel', 'Operational risk', 'Legal compliance', 'Compliance', 'Business analysis', 'Analytical', 'Visio', 'Risk management', 'Financial services', 'Auditing']",2025-09-04 21:52:33.490587,0.0165380903206646,"['Excel', 'Operational risk', 'Legal compliance', 'Compliance', 'Business analysis', 'Analytical', 'Visio', 'Risk management', 'Financial services', 'Auditing']","{'Specialized Skills': ['Excel', 'Visio', 'Operational risk', 'Legal compliance', 'Financial services', 'Auditing'], 'Key Concepts': ['Business analysis', 'Risk management', 'Compliance'], 'Soft Skills': ['Analytical']}"
Business Analyst - Sourcing Associate,Business Analyst,Babaclick Trading,Gurugram,https://www.naukri.com/job-listings-business-analyst-sourcing-associate-babaclick-trading-gurugram-0-to-3-years-220825008982?src=cluster&sid=17570602931713585_49&xp=3&px=3&nignbevent_src=jobsearchDeskGNB,1083,540000.0,"['Communication Skills', 'Excellent Verbal And Written Communication Skills', 'Excel', 'Data Analysis', 'Procurement', 'Sourcer', 'Profitability Analysis', 'Problem Solving', 'Purchase Order', 'Sourcing', 'English Verbal And Written', 'English', 'Purchase Management', 'Po Creation', 'Procurement Management']",2025-09-05 21:52:33.490587,0.0165380903206646,"['Communication Skills', 'Excellent Verbal And Written Communication Skills', 'Excel', 'Data Analysis', 'Procurement', 'Sourcer', 'Profitability Analysis', 'Problem Solving', 'Purchase Order', 'Sourcing', 'English Verbal And Written', 'English', 'Purchase Management', 'Po Creation', 'Procurement Management']","{'Soft Skills': ['Communication Skills', 'Excellent Verbal And Written Communication Skills', 'Problem Solving'], 'Specialized Skills': ['Business Analysis', 'Profitability Analysis', 'Procurement', 'Sourcing', 'Purchase Order', 'Purchase Management', 'Po Creation', 'Procurement Management'], 'Software & Tools': ['Excel'], 'Languages': ['English', 'English Verbal And Written'], 'Data Skills': ['Data Analysis']}"
Mobile Application Developer,App Developer,Valtrium Llc,Bengaluru,https://www.naukri.com/job-listings-mobile-application-developer-valtrium-llc-bengaluru-0-to-5-years-050925017614?src=cluster&sid=17570602931713585_55&xp=2&px=2&nignbevent_src=jobsearchDeskGNB,1096,720000.0,"['Swift Ui', 'Flutter', 'React Native', 'IOS', 'English', 'API', 'Hindi', 'Mobile Application Development']",2025-09-05 21:52:33.490587,0.0555625299505267,"['Swift Ui', 'Flutter', 'React Native', 'IOS', 'English', 'API', 'Hindi', 'Mobile Application Development']","{'Programming Languages': ['Swift'], 'Frameworks & Libraries': ['Flutter', 'React Native', 'Ui'], 'Operating Systems': ['IOS'], 'Key Concepts': ['API', 'Mobile Application Development'], 'Languages': ['English', 'Hindi']}"
Software Tester,Software Tester,vhr Professional Services,Remote,https://www.naukri.com/job-listings-software-tester-vhr-professional-services-australia-0-to-5-years-180825001023?src=cluster&sid=17570602931713585_88&xp=1&px=1&nignbevent_src=jobsearchDeskGNB,20933,2500000.0,"['QA Testing', 'Software Testing', 'Software', 'Manual Testing', 'QA', 'Use Cases', 'Test Data', 'Feedback', 'Quality Analysis', 'Automation Testing', 'IT', 'Information Technology']",2025-09-02 21:52:33.490587,-0.0207645736732338,"['QA Testing', 'Software Testing', 'Software', 'Manual Testing', 'QA', 'Use Cases', 'Test Data', 'Feedback', 'Quality Analysis', 'Automation Testing', 'IT', 'Information Technology']","{'Key Concepts': ['QA Testing', 'Software Testing', 'Manual Testing', 'Use Cases', 'Test Data', 'Quality Analysis', 'Automation Testing'], 'Soft Skills': ['Feedback'], 'Specialized Skills': ['Software', 'QA', 'IT', 'Information Technology']}"
Software Test Engineer,Software Tester,Salescode.ai,Gurugram,https://www.naukri.com/job-listings-software-test-engineer-salescode-ai-gurugram-0-to-1-years-060825016158?src=jobsearchDesk&sid=17570602931713585_92&xp=3&px=2&nignbevent_src=jobsearchDeskGNB,20933,750000.0,"['Java', 'QA Testing', 'Software Testing', 'Selenium', 'JMeter', 'Test Engineering', 'API Testing', 'Appium', 'QA Automation', 'Python']",2025-08-07 21:52:33.490587,-0.0207645736732338,"['Java', 'QA Testing', 'Software Testing', 'Selenium', 'JMeter', 'Test Engineering', 'API Testing', 'Appium', 'QA Automation', 'Python']","{'Programming Languages': ['Java', 'Python'], 'Frameworks & Libraries': ['Selenium', 'JMeter', 'Appium'], 'Key Concepts': ['QA Testing', 'Software Testing', 'API Testing', 'Test Engineering', 'QA Automation']}"
"Software Tester, QA, Manual, Automation - Fresher To Experience",Software Tester,Amar InfoTech,Ahemdabad,https://www.naukri.com/job-listings-software-tester-qa-manual-automation-fresher-to-experience-amar-infotech-ahmedabad-0-to-5-years-200825029726?src=jobsearchDesk&sid=17570602931713585_94&xp=2&px=4&nignbevent_src=jobsearchDeskGNB,20933,375000.0,"['Software Testing', 'Manual Testing', 'fresherAutomation', 'Testing', 'Test Cases', 'Bug Life Cycle', 'QC Inspection', 'Software Testing Life Cycle', 'Quality Testing', 'Quality Engineering', 'Bug Reporting', 'QA Testing', 'Quality Analysis', 'Fresher Hiring', 'Quality Assurance', 'Web Testing', 'Quality Control']",2025-08-23 21:52:33.490587,-0.0207645736732338,"['Software Testing', 'Manual Testing', 'fresherAutomation', 'Testing', 'Test Cases', 'Bug Life Cycle', 'QC Inspection', 'Software Testing Life Cycle', 'Quality Testing', 'Quality Engineering', 'Bug Reporting', 'QA Testing', 'Quality Analysis', 'Fresher Hiring', 'Quality Assurance', 'Web Testing', 'Quality Control']","{'Key Concepts': ['Software Testing', 'Software Testing Life Cycle', 'Bug Life Cycle', 'Quality Assurance', 'Quality Engineering', 'Quality Control', 'Quality Analysis'], 'Testing Types': ['Manual Testing', 'Web Testing', 'QA Testing', 'QC Inspection', 'Quality Testing'], 'Specialized Skills': ['Test Cases', 'Bug Reporting'], 'Recruitment Criteria': ['Fresher Hiring']}"
IT Service Desk Analyst,Technical Support,Wipro,"Kolkata, Gurugram, Hyderabad","https://www.naukri.com/job-listings-it-service-desk-analyst-wipro-kolkata-hyderabad-bengaluru-0-to-1-years-220825026662?src=jobsearchDesk&sid=17570755020943000_20&xp=1&px=1&nignbevent_src=jobsearchDeskGNB , https://www.ambitionbox.com/salaries/wipro-salaries/service-desk-analyst",2848,460000.0,"['Service Desk', 'L1 Support', 'Helpdesk', 'Desktop Support', 'Technical Helpdesk']",2025-08-23 21:52:33.490587,0.0340555206835807,"['Service Desk', 'L1 Support', 'Helpdesk', 'Desktop Support', 'Technical Helpdesk']","{'Specialized Skills': ['Service Desk', 'L1 Support', 'Helpdesk', 'Desktop Support', 'Technical Helpdesk']}"
International Service Desk/ Technical Support,Technical Support,KVC CONSULTANTS LTD,"Hyderabad, Pune, Bengaluru",https://www.naukri.com/job-listings-international-service-desk-technical-support-kvc-consultants-ltd-hyderabad-pune-bengaluru-0-to-5-years-090425008792?src=cluster&sid=17570755020943000_22&xp=2&px=1&nignbevent_src=jobsearchDeskGNB,2848,500000.0,"['Service Desk', 'International', 'TECH MAHINDRA', 'IT Helpdesk', 'L1 Support', 'Servicenow', 'SLA', 'Voice Process', 'Active Directory', 'Outlook Configuration', 'CONCENTRIX', 'Desktop Support', 'IT Service Desk', 'Technical Helpdesk', 'Technical Support', 'WIPRO', 'MS Office Outlook', 'International Voice Process']",2025-08-23 21:52:33.490587,0.0340555206835807,"['Service Desk', 'International', 'TECH MAHINDRA', 'IT Helpdesk', 'L1 Support', 'Servicenow', 'SLA', 'Voice Process', 'Active Directory', 'Outlook Configuration', 'CONCENTRIX', 'Desktop Support', 'IT Service Desk', 'Technical Helpdesk', 'Technical Support', 'WIPRO', 'MS Office Outlook', 'International Voice Process']","{'IT Support': ['Service Desk', 'IT Helpdesk', 'L1 Support', 'IT Service Desk', 'Technical Helpdesk', 'Technical Support', 'Desktop Support'], 'Ticketing Systems': ['Servicenow'], 'Operating Systems & Applications': ['Active Directory', 'Outlook Configuration', 'MS Office Outlook'], 'Communication & Processes': ['SLA', 'Voice Process', 'International Voice Process'], 'Companies': ['TECH MAHINDRA', 'CONCENTRIX', 'WIPRO'], 'Other': ['International']}"
Network Engineer Fresher,Network Engineer,Oasis Technology And Consulting Services,"Tirupati, Chennai, Coimbatore",https://www.naukri.com/job-listings-network-engineer-fresher-oasis-technology-and-consulting-services-tirupati-chennai-coimbatore-0-to-1-years-240625012924?src=jobsearchDesk&sid=17570763910633853_1&xp=1&px=1&nignbevent_src=jobsearchDeskGNB,569,550000.0,"['Network Support', 'CCNA', 'Desktop Support', 'AWS', 'MCSA', 'LAN Troubleshooting', 'Hardware Networking', 'System Administration', 'MCSE', 'IT Support', 'Server Administration', 'Server Support', 'Technical Support', 'Microsoft Azure', 'Network Troubleshooting', 'CCNP']",2025-08-07 21:52:33.490587,0.1153819156188201,"['Network Support', 'CCNA', 'Desktop Support', 'AWS', 'MCSA', 'LAN Troubleshooting', 'Hardware Networking', 'System Administration', 'MCSE', 'IT Support', 'Server Administration', 'Server Support', 'Technical Support', 'Microsoft Azure', 'Network Troubleshooting', 'CCNP']","{'Networking Certifications': ['CCNA', 'CCNP'], 'Cloud Platforms': ['AWS', 'Microsoft Azure'], 'Microsoft Certifications': ['MCSA', 'MCSE'], 'Network Engineering': ['Network Support', 'LAN Troubleshooting', 'Hardware Networking', 'Network Troubleshooting'], 'System Administration': ['System Administration', 'Server Administration', 'Server Support'], 'IT Support': ['Desktop Support', 'IT Support', 'Technical Support']}"
Network Engineer Fresher,Network Engineer,Networkkings It Services,"Noida, Gurugram, Delhi / NCR",https://www.naukri.com/job-listings-network-engineer-fresher-networkkings-it-services-noida-gurugram-delhi-ncr-0-to-2-years-010925010388?src=cluster&sid=17570763910633853_6&xp=5&px=1&nignbevent_src=jobsearchDeskGNB,569,450000.0,"['Hardware Networking', 'Network Support', 'CCNA', 'Desktop Support', 'CCNP', 'MCSA', 'System Administration', 'MCSE', 'IT Support', 'Server Support', 'Technical Support', 'Microsoft Azure', 'Network Troubleshooting', 'AWS']",2025-09-02 21:52:33.490587,0.1153819156188201,"['Hardware Networking', 'Network Support', 'CCNA', 'Desktop Support', 'CCNP', 'MCSA', 'System Administration', 'MCSE', 'IT Support', 'Server Support', 'Technical Support', 'Microsoft Azure', 'Network Troubleshooting', 'AWS']","{'Networking': ['Hardware Networking', 'Network Support', 'CCNA', 'CCNP', 'Network Troubleshooting'], 'Cloud Platforms': ['Microsoft Azure', 'AWS'], 'Operating Systems & Certifications': ['MCSA', 'MCSE'], 'System Administration': ['System Administration', 'Server Support'], 'IT Support': ['Desktop Support', 'IT Support', 'Technical Support']}"
Product Sourcing Engineer - X Ray Devices,Product Engineer,Philips,Pune,"https://www.naukri.com/job-listings-product-sourcing-engineer-x-ray-devices-philips-india-limited-pune-0-to-2-years-020825501082? , https://www.glassdoor.co.in/Salary/Philips-Product-Engineer-Salaries-E3496_D_KO8,24.htmsrc=cluster&sid=17570763910633853_25&xp=1&px=1&nignbevent_src=jobsearchDeskGNB",1399,750000.0,"['Process optimization', 'Project management', 'Process capability', 'DFX', 'Strategic sourcing', 'Healthcare', 'Product design', 'RFP', 'Cost', 'Cost planning']",2025-08-07 21:52:33.490587,0.1276510012756393,"['Process optimization', 'Project management', 'Process capability', 'DFX', 'Strategic sourcing', 'Healthcare', 'Product design', 'RFP', 'Cost', 'Cost planning']","{'Key Concepts': ['Process optimization', 'Process capability'], 'Soft Skills': ['Project management'], 'Specialized Skills': ['DFX', 'Strategic sourcing', 'Healthcare', 'Product design', 'RFP', 'Cost', 'Cost planning']}"
Product Support Engineer,Product Engineer,Baldor Technologies,Mumbai,https://www.naukri.com/job-listings-product-support-engineer-baldor-technologies-mumbai-0-to-3-years-050825032807?src=cluster&sid=17570763910633853_27&xp=7&px=1&nignbevent_src=jobsearchDeskGNB,1399,525000.0,"['Product Support', 'Ticketing Tools', 'SQL Queries', 'Troubleshooting', 'Monitoring Tools', 'RESTAPI', 'Freshdesk', 'Kibana', 'Ticket Management', 'Zendesk', 'JIRA', 'Grafana']",2025-08-07 21:52:33.490587,0.1276510012756393,"['Product Support', 'Ticketing Tools', 'SQL Queries', 'Troubleshooting', 'Monitoring Tools', 'RESTAPI', 'Freshdesk', 'Kibana', 'Ticket Management', 'Zendesk', 'JIRA', 'Grafana']","{'Databases': ['SQL Queries'], 'Developer Tools': ['JIRA', 'Kibana', 'Grafana'], 'Monitoring Tools': ['Monitoring Tools'], 'Ticketing Tools': ['Freshdesk', 'Zendesk'], 'Key Concepts': ['Troubleshooting', 'Ticket Management'], 'Frameworks & Libraries': ['RESTAPI'], 'Specialized Skills': ['Product Support']}"
